Job Title,Company,Location,Link
Software Engineer | Growth,Notion,San Francisco | CA,https://www.linkedin.com/jobs/view/software-engineer-growth-at-notion-4143892275?position=1&pageNum=0&refId=ML7k%2BfLOif8o5IA7T3ResA%3D%3D&trackingId=xLgaXnv6NvQdKsZF0tpcvg%3D%3D
Software Engineer | Developer Experience,Notion,San Francisco | CA,https://www.linkedin.com/jobs/view/software-engineer-developer-experience-at-notion-4136588579?position=2&pageNum=0&refId=ML7k%2BfLOif8o5IA7T3ResA%3D%3D&trackingId=HMQVdMRhChqkVGKHWJUf6Q%3D%3D
Software Engineer (L4) - Cloud Network Engineering,Netflix,United States,https://www.linkedin.com/jobs/view/software-engineer-l4-cloud-network-engineering-at-netflix-4202060410?position=3&pageNum=0&refId=ML7k%2BfLOif8o5IA7T3ResA%3D%3D&trackingId=I1wbx656M6DVJA6upmO62g%3D%3D
Software Engineer (New Grad Program),Sigma,New York | NY,https://www.linkedin.com/jobs/view/software-engineer-new-grad-program-at-sigma-4192202080?position=4&pageNum=0&refId=ML7k%2BfLOif8o5IA7T3ResA%3D%3D&trackingId=R0GpjeV%2FOjYRDtx7V%2FvsmA%3D%3D
Software Engineer | Front End,Meta,San Francisco | CA,https://www.linkedin.com/jobs/view/software-engineer-front-end-at-meta-4220079042?position=5&pageNum=0&refId=ML7k%2BfLOif8o5IA7T3ResA%3D%3D&trackingId=0vYGi2EaMBSij9UFd8DCYg%3D%3D
Software Engineer 5 - Web Discovery,Netflix,United States,https://www.linkedin.com/jobs/view/software-engineer-5-web-discovery-at-netflix-4202434314?position=6&pageNum=0&refId=ML7k%2BfLOif8o5IA7T3ResA%3D%3D&trackingId=hGk4aXQ1yNc1AYWftKUGNA%3D%3D
Software Engineer - Web,Plaid,United States,https://www.linkedin.com/jobs/view/software-engineer-web-at-plaid-4204412238?position=7&pageNum=0&refId=ML7k%2BfLOif8o5IA7T3ResA%3D%3D&trackingId=ZVR%2Ftxnqh8z%2FJMM3XKsanQ%3D%3D
Software Engineer | Marketplace,Lyft,San Francisco County | CA,https://www.linkedin.com/jobs/view/software-engineer-marketplace-at-lyft-4221065970?position=8&pageNum=0&refId=ML7k%2BfLOif8o5IA7T3ResA%3D%3D&trackingId=XNYxx3AiaXO7TfgxdKu%2F%2Fg%3D%3D
Systems Software Engineer L4,Netflix,United States,https://www.linkedin.com/jobs/view/systems-software-engineer-l4-at-netflix-4202434316?position=9&pageNum=0&refId=ML7k%2BfLOif8o5IA7T3ResA%3D%3D&trackingId=MnHp2qtSO3r9GAZF5SBc0Q%3D%3D
Software Engineer,Twitch,Seattle | WA,https://www.linkedin.com/jobs/view/software-engineer-at-twitch-4205287580?position=10&pageNum=0&refId=ML7k%2BfLOif8o5IA7T3ResA%3D%3D&trackingId=YNTXW69%2BLj0O1UXyz3%2BKDA%3D%3D
Software Engineer (L5) - Member | Commerce & Games Engineering,Netflix,United States,https://www.linkedin.com/jobs/view/software-engineer-l5-member-commerce-games-engineering-at-netflix-4219576591?position=11&pageNum=0&refId=ML7k%2BfLOif8o5IA7T3ResA%3D%3D&trackingId=fAr2pZqiFCdsxY%2Beqwwt9w%3D%3D
Software Engineer 5 | Data Clean Room,Netflix,California | United States,https://www.linkedin.com/jobs/view/software-engineer-5-data-clean-room-at-netflix-4187599010?position=12&pageNum=0&refId=ML7k%2BfLOif8o5IA7T3ResA%3D%3D&trackingId=T7nhbKCERWPyMPllezgdEg%3D%3D
Software Engineer | Marketplace,Lyft,Seattle | WA,https://www.linkedin.com/jobs/view/software-engineer-marketplace-at-lyft-4221069706?position=13&pageNum=0&refId=ML7k%2BfLOif8o5IA7T3ResA%3D%3D&trackingId=6H%2BHPcAxScKzlEeIG4pulw%3D%3D
Software Engineer | Core Product,Notion,San Francisco | CA,https://www.linkedin.com/jobs/view/software-engineer-core-product-at-notion-3890067700?position=14&pageNum=0&refId=ML7k%2BfLOif8o5IA7T3ResA%3D%3D&trackingId=8v6NE9S7unBtZaABexfdgw%3D%3D
Software Engineer - Fullstack,Plaid,San Francisco | CA,https://www.linkedin.com/jobs/view/software-engineer-fullstack-at-plaid-4204411308?position=15&pageNum=0&refId=ML7k%2BfLOif8o5IA7T3ResA%3D%3D&trackingId=DnUtsjC6SEWmXEWM5dkdwg%3D%3D
Software Engineer (L5) | Content Engineering,Netflix,United States,https://www.linkedin.com/jobs/view/software-engineer-l5-content-engineering-at-netflix-4220344508?position=16&pageNum=0&refId=ML7k%2BfLOif8o5IA7T3ResA%3D%3D&trackingId=WSj4t3bhsgbQAJXyJYlUXA%3D%3D
Software Engineer | Early Career 2025 Start,X | The Moonshot Factory,Mountain View | CA,https://www.linkedin.com/jobs/view/software-engineer-early-career-2025-start-at-x-the-moonshot-factory-4234604505?position=17&pageNum=0&refId=ML7k%2BfLOif8o5IA7T3ResA%3D%3D&trackingId=wHKEAW6q87CpaMotAq44yw%3D%3D
Software Engineer 6 - Games Engineering,Netflix,United States,https://www.linkedin.com/jobs/view/software-engineer-6-games-engineering-at-netflix-4187552417?position=18&pageNum=0&refId=ML7k%2BfLOif8o5IA7T3ResA%3D%3D&trackingId=SbXwH%2Fgsge95O6jEtZ2gEA%3D%3D
Software Engineer | API,Headspace,United States,https://www.linkedin.com/jobs/view/software-engineer-api-at-headspace-4203023309?position=19&pageNum=0&refId=ML7k%2BfLOif8o5IA7T3ResA%3D%3D&trackingId=u13fuMIQNKvgZHCYKOeV8Q%3D%3D
Software Engineer - Backend,Plaid,San Francisco | CA,https://www.linkedin.com/jobs/view/software-engineer-backend-at-plaid-4204412244?position=20&pageNum=0&refId=ML7k%2BfLOif8o5IA7T3ResA%3D%3D&trackingId=oBwxKYMbjFVnjgWMUXRhZw%3D%3D
Software Engineer I,Disney Entertainment,New York | NY,https://www.linkedin.com/jobs/view/software-engineer-i-at-disney-entertainment-4236473300?position=21&pageNum=0&refId=ML7k%2BfLOif8o5IA7T3ResA%3D%3D&trackingId=1g3e0jmWw6K3lWS3wDkLpQ%3D%3D
Software Engineer | Mail,Notion,New York | NY,https://www.linkedin.com/jobs/view/software-engineer-mail-at-notion-4217097157?position=22&pageNum=0&refId=ML7k%2BfLOif8o5IA7T3ResA%3D%3D&trackingId=KMZ4xwIUjjwda6nr4LOdVQ%3D%3D
New Grad Software Engineer,Vapi,San Francisco | CA,https://www.linkedin.com/jobs/view/new-grad-software-engineer-at-vapi-4177411509?position=23&pageNum=0&refId=ML7k%2BfLOif8o5IA7T3ResA%3D%3D&trackingId=pQWd%2FQKo6Gs1RAiqpJIjSw%3D%3D
Software Engineer | Data Platform,Notion,New York | NY,https://www.linkedin.com/jobs/view/software-engineer-data-platform-at-notion-4190021992?position=24&pageNum=0&refId=ML7k%2BfLOif8o5IA7T3ResA%3D%3D&trackingId=%2BVocsUP70xqAIyX3hWYkyA%3D%3D
Software Engineer | Fullstack,CLEAR,New York | NY,https://www.linkedin.com/jobs/view/software-engineer-fullstack-at-clear-4139558613?position=25&pageNum=0&refId=ML7k%2BfLOif8o5IA7T3ResA%3D%3D&trackingId=mlLtgNwk28dgC9teIienzQ%3D%3D
Software Engineer Frontend (Multiple Levels) - Slack,Slack,San Francisco | CA,https://www.linkedin.com/jobs/view/software-engineer-frontend-multiple-levels-slack-at-slack-4233868722?position=26&pageNum=0&refId=ML7k%2BfLOif8o5IA7T3ResA%3D%3D&trackingId=Gv9eSgtOf1%2BDgVKi3uy%2F6w%3D%3D
Software Engineer | Mail,Notion,San Francisco | CA,https://www.linkedin.com/jobs/view/software-engineer-mail-at-notion-4217097174?position=27&pageNum=0&refId=ML7k%2BfLOif8o5IA7T3ResA%3D%3D&trackingId=r%2B5Vo29F%2FdJFwEV7e3mxEQ%3D%3D
Software Engineer | New Graduate - Email,Twilio,United States,https://www.linkedin.com/jobs/view/software-engineer-new-graduate-email-at-twilio-4236133465?position=28&pageNum=0&refId=ML7k%2BfLOif8o5IA7T3ResA%3D%3D&trackingId=8KaUWiRq9HDXOk3zwX55SA%3D%3D
Full-Stack Software Engineer (New grad: United States),Wanderlog,United States,https://www.linkedin.com/jobs/view/full-stack-software-engineer-new-grad-united-states-at-wanderlog-4230698522?position=29&pageNum=0&refId=ML7k%2BfLOif8o5IA7T3ResA%3D%3D&trackingId=B4kGOWYqSapE3nwWYzoUuA%3D%3D
Software Engineer I,Disney Entertainment,San Francisco | CA,https://www.linkedin.com/jobs/view/software-engineer-i-at-disney-entertainment-4236905504?position=30&pageNum=0&refId=ML7k%2BfLOif8o5IA7T3ResA%3D%3D&trackingId=jd7NdyojJRYOGyWenN9MKQ%3D%3D
Software Engineer | Data Platform,Notion,San Francisco | CA,https://www.linkedin.com/jobs/view/software-engineer-data-platform-at-notion-4190027188?position=31&pageNum=0&refId=ML7k%2BfLOif8o5IA7T3ResA%3D%3D&trackingId=E%2BetsbnBO%2FfHAZLdFHUdBw%3D%3D
Software Engineer,Microsoft,Redmond | WA,https://www.linkedin.com/jobs/view/software-engineer-at-microsoft-4233440591?position=32&pageNum=0&refId=ML7k%2BfLOif8o5IA7T3ResA%3D%3D&trackingId=76xjz8%2FIP%2BKpaWrrHVqCLw%3D%3D
Software Engineer I (Intern) United States,Cisco,San Jose | CA,https://www.linkedin.com/jobs/view/software-engineer-i-intern-united-states-at-cisco-4034652789?position=33&pageNum=0&refId=ML7k%2BfLOif8o5IA7T3ResA%3D%3D&trackingId=RrI20CVC0ei28eWeMUtHBQ%3D%3D
Full Stack Software Engineer,Walmart,Sunnyvale | CA,https://www.linkedin.com/jobs/view/full-stack-software-engineer-at-walmart-4219893184?position=34&pageNum=0&refId=ML7k%2BfLOif8o5IA7T3ResA%3D%3D&trackingId=5lvK9mQqc648vL2htFSwVg%3D%3D
Software Development Engineer,Adobe,San Jose | CA,https://www.linkedin.com/jobs/view/software-development-engineer-at-adobe-4221214349?position=35&pageNum=0&refId=ML7k%2BfLOif8o5IA7T3ResA%3D%3D&trackingId=ze4niub0rxJz9p1sw%2FN7MA%3D%3D
Software Development Engineer,CLEAR,Austin | TX,https://www.linkedin.com/jobs/view/software-development-engineer-at-clear-4181633460?position=36&pageNum=0&refId=ML7k%2BfLOif8o5IA7T3ResA%3D%3D&trackingId=UcDF0xzQNLCztOJLNT4vqA%3D%3D
Full Stack Software Engineer (L4) | Product Localization Engineering,Netflix,Los Gatos | CA,https://www.linkedin.com/jobs/view/full-stack-software-engineer-l4-product-localization-engineering-at-netflix-4234102223?position=37&pageNum=0&refId=ML7k%2BfLOif8o5IA7T3ResA%3D%3D&trackingId=yqYf0TBR%2F8ffG5bdkJRVfQ%3D%3D
Software Engineer Intern/Co-op (Fall 2025),Cohere,San Francisco | CA,https://www.linkedin.com/jobs/view/software-engineer-intern-co-op-fall-2025-at-cohere-4218586823?position=38&pageNum=0&refId=ML7k%2BfLOif8o5IA7T3ResA%3D%3D&trackingId=wPr9hXA0NGm3HYifKVXrZg%3D%3D
Software Engineer,Microsoft,United States,https://www.linkedin.com/jobs/view/software-engineer-at-microsoft-4233443160?position=39&pageNum=0&refId=ML7k%2BfLOif8o5IA7T3ResA%3D%3D&trackingId=eW5GDftEb62VYdU9yNBIwg%3D%3D
Software Development Engineer I 2025,Amazon,Redmond | WA,https://www.linkedin.com/jobs/view/software-development-engineer-i-2025-at-amazon-4097106407?position=40&pageNum=0&refId=ML7k%2BfLOif8o5IA7T3ResA%3D%3D&trackingId=DH0u0me%2FMHKB7QDC8npwTg%3D%3D
Fullstack Software Engineer,Hadrian,Los Angeles | CA,https://www.linkedin.com/jobs/view/fullstack-software-engineer-at-hadrian-4168110099?position=41&pageNum=0&refId=ML7k%2BfLOif8o5IA7T3ResA%3D%3D&trackingId=42rHfS4gZJEmsWVhiij37g%3D%3D
Software Engineer - Web,Rakuten Rewards,Center | IN,https://www.linkedin.com/jobs/view/software-engineer-web-at-rakuten-rewards-4205237588?position=42&pageNum=0&refId=ML7k%2BfLOif8o5IA7T3ResA%3D%3D&trackingId=dhuZz24dN%2BHfxmWAixu%2B7Q%3D%3D
Software Engineer - Associate P3,Morgan Stanley,New York | NY,https://www.linkedin.com/jobs/view/software-engineer-associate-p3-at-morgan-stanley-4221215034?position=43&pageNum=0&refId=ML7k%2BfLOif8o5IA7T3ResA%3D%3D&trackingId=bOUnghGzrlnxkienZ0HH2g%3D%3D
Backend Software Engineer,Wing,Palo Alto | CA,https://www.linkedin.com/jobs/view/backend-software-engineer-at-wing-4236129752?position=44&pageNum=0&refId=ML7k%2BfLOif8o5IA7T3ResA%3D%3D&trackingId=KkSoEBqOtvWYADSfuf%2FbIQ%3D%3D
Software Engineer Apprentice,IBM,Lowell | MA,https://www.linkedin.com/jobs/view/software-engineer-apprentice-at-ibm-4219586336?position=45&pageNum=0&refId=ML7k%2BfLOif8o5IA7T3ResA%3D%3D&trackingId=n%2FgW3UoU7pUd%2BfEirzIaDA%3D%3D
Full Stack Engineer,CAVA,United States,https://www.linkedin.com/jobs/view/full-stack-engineer-at-cava-4236123589?position=46&pageNum=0&refId=ML7k%2BfLOif8o5IA7T3ResA%3D%3D&trackingId=CpysRXpALKEr8YL6x%2Fi18Q%3D%3D
Software Engineer - Front End,Nextdoor,San Francisco | CA,https://www.linkedin.com/jobs/view/software-engineer-front-end-at-nextdoor-4235587612?position=47&pageNum=0&refId=ML7k%2BfLOif8o5IA7T3ResA%3D%3D&trackingId=VNC5CsJDZ9C9uDCf%2FyIXUg%3D%3D
Software engineer - UI,McAfee,Frisco | TX,https://www.linkedin.com/jobs/view/software-engineer-ui-at-mcafee-4216116621?position=48&pageNum=0&refId=ML7k%2BfLOif8o5IA7T3ResA%3D%3D&trackingId=8Y%2B4B6CTHLSA6ghPbl7%2FDg%3D%3D
Junior Software Development Engineer (Recent Graduate),ShipperHQ,Austin | TX,https://www.linkedin.com/jobs/view/junior-software-development-engineer-recent-graduate-at-shipperhq-4233933644?position=49&pageNum=0&refId=ML7k%2BfLOif8o5IA7T3ResA%3D%3D&trackingId=KUtHeS1wE6kbZyB1DyHBhQ%3D%3D
Software Development Engineer,Audible,Newark | NJ,https://www.linkedin.com/jobs/view/software-development-engineer-at-audible-4145144376?position=50&pageNum=0&refId=ML7k%2BfLOif8o5IA7T3ResA%3D%3D&trackingId=LgUAJ2HK6Eip7%2F3D5DbkSA%3D%3D
Software Engineer | Frontend,Ramp,New York | United States,https://www.linkedin.com/jobs/view/software-engineer-frontend-at-ramp-4048172300?position=51&pageNum=0&refId=ML7k%2BfLOif8o5IA7T3ResA%3D%3D&trackingId=dyjfZ7QAJrRFYfdVDsB%2BWQ%3D%3D
Software Engineer I,Lensa,New York | NY,https://www.linkedin.com/jobs/view/software-engineer-i-at-lensa-4236793395?position=52&pageNum=0&refId=ML7k%2BfLOif8o5IA7T3ResA%3D%3D&trackingId=hSIDuaAlU6KQUNAbAOPUKQ%3D%3D
Software Engineer Internship/Co-op (Fall 2025) | Applied Engineering,OpenAI,San Francisco | CA,https://www.linkedin.com/jobs/view/software-engineer-internship-co-op-fall-2025-applied-engineering-at-openai-4235535965?position=53&pageNum=0&refId=ML7k%2BfLOif8o5IA7T3ResA%3D%3D&trackingId=txxa3Hd8z5DZaXH7XaxlgQ%3D%3D
Remote Junior Fullstack Developer,Lensa,New York | NY,https://www.linkedin.com/jobs/view/remote-junior-fullstack-developer-at-lensa-4234365545?position=54&pageNum=0&refId=ML7k%2BfLOif8o5IA7T3ResA%3D%3D&trackingId=y8KX5G0%2Fm6yXYs7gwPY%2BOA%3D%3D
Software Engineer | UI,Tecton,San Francisco Bay Area,https://www.linkedin.com/jobs/view/software-engineer-ui-at-tecton-4216453854?position=55&pageNum=0&refId=ML7k%2BfLOif8o5IA7T3ResA%3D%3D&trackingId=hOA3rcDra8zOEWX49Qs6mQ%3D%3D
Software Engineer | Backend (Java),CLEAR,New York | NY,https://www.linkedin.com/jobs/view/software-engineer-backend-java-at-clear-4077433277?position=56&pageNum=0&refId=ML7k%2BfLOif8o5IA7T3ResA%3D%3D&trackingId=ZzEgiuqbeJgKfuvqKJzrgg%3D%3D
Software Engineer | UI,Tecton,Greater Seattle Area,https://www.linkedin.com/jobs/view/software-engineer-ui-at-tecton-4216458392?position=57&pageNum=0&refId=ML7k%2BfLOif8o5IA7T3ResA%3D%3D&trackingId=Q4sOedQ8pLxW8xGwOUTqog%3D%3D
Software Engineer - Front-end,Lowe's Companies | Inc.,Charlotte | NC,https://www.linkedin.com/jobs/view/software-engineer-front-end-at-lowe-s-companies-inc-4234847664?position=58&pageNum=0&refId=ML7k%2BfLOif8o5IA7T3ResA%3D%3D&trackingId=rO6JlVrg1tXiZFsU2EXKVQ%3D%3D
Software Engineer Frontend (Multiple Levels) - Slack,Salesforce,San Francisco | CA,https://www.linkedin.com/jobs/view/software-engineer-frontend-multiple-levels-slack-at-salesforce-4220744019?position=59&pageNum=0&refId=ML7k%2BfLOif8o5IA7T3ResA%3D%3D&trackingId=4Usm6VJOtfRg7QJu9N0%2BDQ%3D%3D
Software Engineers - Backend,Calm,San Francisco | CA,https://www.linkedin.com/jobs/view/software-engineers-backend-at-calm-4233271487?position=60&pageNum=0&refId=ML7k%2BfLOif8o5IA7T3ResA%3D%3D&trackingId=NYQhDwYhWbOTEBdPIqpEjw%3D%3D
Software Engineer,IntegriChain,Philadelphia | Pune | null,https://m.timesjobs.com/mobile/job-detail/software-engineer-integrichain-philadelphia-pune-null-2-to-5-yrs-jobid-nIHOa__SLASH__KoqStzpSvf__PLUS__uAgZw==&bc=+&sequence=3
( USA ) Senior | Software Engineer,WALMART INDIA,Seattle,https://m.timesjobs.com/mobile/job-detail/usa-senior-software-engineer-walmart-india-seattle-5-to-7-yrs-jobid-4yHHh8UlEedzpSvf__PLUS__uAgZw==&bc=+&sequence=21
Software Engineer II,Microsoft India Pvt Ltd,Redmond,https://m.timesjobs.com/mobile/job-detail/software-engineer-ii-microsoft-india-pvt-ltd-redmond-2-to-5-yrs-jobid-jE999YJnTLNzpSvf__PLUS__uAgZw==&bc=+&sequence=23
Senior Software Engineer,Microsoft India Pvt Ltd,San Francisco | New York City,https://m.timesjobs.com/mobile/job-detail/senior-software-engineer-microsoft-india-pvt-ltd-san-francisco-new-york-city-4-to-8-yrs-jobid-xGgsFAEDW1xzpSvf__PLUS__uAgZw==&bc=+&sequence=24
Principal Platform Software Engineer,autodesk india pvt ltd,Portland,https://m.timesjobs.com/mobile/job-detail/principal-platform-software-engineer-autodesk-india-pvt-ltd-portland-5-to-8-yrs-jobid-__SLASH__tr5PsAoMChzpSvf__PLUS__uAgZw==&bc=+&sequence=25
